{"assets/back.png":["assets/back.png"],"assets/default_profile.png":["assets/default_profile.png"],"assets/fonts/dk-lemon-yellow-sun.ttf":["assets/fonts/dk-lemon-yellow-sun.ttf"],"assets/icon_appointment.png":["assets/icon_appointment.png"],"assets/icon_product.png":["assets/icon_product.png"],"assets/icon_timer_history.png":["assets/icon_timer_history.png"],"assets/icon_work_hrs.png":["assets/icon_work_hrs.png"],"assets/icons/NeaR.png":["assets/icons/NeaR.png"],"assets/icons/remove_icon.jpg":["assets/icons/remove_icon.jpg"],"assets/service_images/cleanse_n_detox_facial.jpeg":["assets/service_images/cleanse_n_detox_facial.jpeg"],"assets/service_images/full_body_laser.jpeg":["assets/service_images/full_body_laser.jpeg"],"assets/service_images/hydrafacial_deluxe_clarifying.jpeg":["assets/service_images/hydrafacial_deluxe_clarifying.jpeg"],"assets/service_images/hydrafacial_deluxe_restorative.jpeg":["assets/service_images/hydrafacial_deluxe_restorative.jpeg"],"assets/service_images/hydrafacial_platinum.jpeg":["assets/service_images/hydrafacial_platinum.jpeg"],"assets/service_images/hydrafacial_signature.jpeg":["assets/service_images/hydrafacial_signature.jpeg"],"assets/service_images/illuminate_n_renew_facial.jpeg":["assets/service_images/illuminate_n_renew_facial.jpeg"],"assets/service_images/large_body_part_laser.jpeg":["assets/service_images/large_body_part_laser.jpeg"],"assets/service_images/laser_consultation.jpeg":["assets/service_images/laser_consultation.jpeg"],"assets/service_images/luxe_glow_anti_aging_facial.jpeg":["assets/service_images/luxe_glow_anti_aging_facial.jpeg"],"assets/service_images/small_body_part_laser.jpeg":["assets/service_images/small_body_part_laser.jpeg"],"assets/service_images/teeth_whitening.jpeg":["assets/service_images/teeth_whitening.jpeg"],"assets/temp_profile.jpeg":["assets/temp_profile.jpeg"],"assets/woms-logo.png":["assets/woms-logo.png"],"assets/woms_bg.png":["assets/woms_bg.png"],"assets/woms_bg01.png":["assets/woms_bg01.png"],"assets/woms_bg_00.png":["assets/woms_bg_00.png"],"assets/woms_logo.png":["assets/woms_logo.png"],"packages/cupertino_icons/assets/CupertinoIcons.ttf":["packages/cupertino_icons/assets/CupertinoIcons.ttf"],"packages/timezone/data/2020a.tzf":["packages/timezone/data/2020a.tzf"],"packages/wakelock_web/assets/no_sleep.js":["packages/wakelock_web/assets/no_sleep.js"]}